Workbook

Sheet 🏠 DASHBOARD
B2: 🏠 DASHBOARD ABC — One Love, One Excel 🌿
B4: Resumo consolidado das 3 curvas ABC • KPIs ao vivo • Visao por classe
B6: 📊 Primeira — intervalo 12:21
B7: Total Itens | C7: V.T. Total | D7: V.T. Classe A | E7: V.T. Classe B | F7: V.T. Classe C | G7: Itens em A | H7: % Itens A | I7: Maior V.T.
B8: =COUNTA('🟢 Primeira'!D12:D21) | C8: =SUM('🟢 Primeira'!G12:G21) | D8: =SUMIF('🟢 Primeira'!A12:A21,"A",'🟢 Primeira'!G12:G21) | E8: =SUMIF('🟢 Primeira'!A12:A21,"B",'🟢 Primeira'!G12:G21) | F8: =SUMIF('🟢 Primeira'!A12:A21,"C",'🟢 Primeira'!G12:G21) | G8: =COUNTIF('🟢 Primeira'!A12:A21,"A") | H8: =IFERROR(COUNTIF('🟢 Primeira'!A12:A21,"A")/COUNTA('🟢 Primeira'!D12:D21),0) | I8: =MAX('🟢 Primeira'!G12:G21)
B9: 📊 Aba 01 — intervalo 12:31
B10: Total Itens | C10: V.T. Total | D10: V.T. Classe A | E10: V.T. Classe B | F10: V.T. Classe C | G10: Itens em A | H10: % Itens A | I10: Maior V.T.
B11: =COUNTA('🟡 01'!D12:D31) | C11: =SUM('🟡 01'!G12:G31) | D11: =SUMIF('🟡 01'!A12:A31,"A",'🟡 01'!G12:G31) | E11: =SUMIF('🟡 01'!A12:A31,"B",'🟡 01'!G12:G31) | F11: =SUMIF('🟡 01'!A12:A31,"C",'🟡 01'!G12:G31) | G11: =COUNTIF('🟡 01'!A12:A31,"A") | H11: =IFERROR(COUNTIF('🟡 01'!A12:A31,"A")/COUNTA('🟡 01'!D12:D31),0) | I11: =MAX('🟡 01'!G12:G31)
B12: 📊 Aba 02 — intervalo 12:41
B13: Total Itens | C13: V.T. Total | D13: V.T. Classe A | E13: V.T. Classe B | F13: V.T. Classe C | G13: Itens em A | H13: % Itens A | I13: Maior V.T.
B14: =COUNTA('🔴 02'!D12:D41) | C14: =SUM('🔴 02'!G12:G41) | D14: =SUMIF('🔴 02'!A12:A41,"A",'🔴 02'!G12:G41) | E14: =SUMIF('🔴 02'!A12:A41,"B",'🔴 02'!G12:G41) | F14: =SUMIF('🔴 02'!A12:A41,"C",'🔴 02'!G12:G41) | G14: =COUNTIF('🔴 02'!A12:A41,"A") | H14: =IFERROR(COUNTIF('🔴 02'!A12:A41,"A")/COUNTA('🔴 02'!D12:D41),0) | I14: =MAX('🔴 02'!G12:G41)
B16: 🌍 TOTAIS CONSOLIDADOS (3 abas somadas)
B17: Total Itens | C17: V.T. Total | D17: V.T. Classe A | E17: V.T. Classe B | F17: V.T. Classe C | G17: Itens em A | H17: Itens em B | I17: Itens em C
B18: =COUNTA('🟢 Primeira'!D12:D21)+COUNTA('🟡 01'!D12:D31)+COUNTA('🔴 02'!D12:D41) | C18: =SUM('🟢 Primeira'!G12:G21)+SUM('🟡 01'!G12:G31)+SUM('🔴 02'!G12:G41) | D18: =SUMIF('🟢 Primeira'!A12:A21,"A",'🟢 Primeira'!G12:G21)+SUMIF('🟡 01'!A12:A31,"A",'🟡 01'!G12:G31)+SUMIF('🔴 02'!A12:A41,"A",'🔴 02'!G12:G41) | E18: =SUMIF('🟢 Primeira'!A12:A21,"B",'🟢 Primeira'!G12:G21)+SUMIF('🟡 01'!A12:A31,"B",'🟡 01'!G12:G31)+SUMIF('🔴 02'!A12:A41,"B",'🔴 02'!G12:G41) | F18: =SUMIF('🟢 Primeira'!A12:A21,"C",'🟢 Primeira'!G12:G21)+SUMIF('🟡 01'!A12:A31,"C",'🟡 01'!G12:G31)+SUMIF('🔴 02'!A12:A41,"C",'🔴 02'!G12:G41) | G18: =COUNTIF('🟢 Primeira'!A12:A21,"A")+COUNTIF('🟡 01'!A12:A31,"A")+COUNTIF('🔴 02'!A12:A41,"A") | H18: =COUNTIF('🟢 Primeira'!A12:A21,"B")+COUNTIF('🟡 01'!A12:A31,"B")+COUNTIF('🔴 02'!A12:A41,"B") | I18: =COUNTIF('🟢 Primeira'!A12:A21,"C")+COUNTIF('🟡 01'!A12:A31,"C")+COUNTIF('🔴 02'!A12:A41,"C")
B21: Distribuicao do V.T. consolidado por classe ABC
K22: Classe | L22: V.T.
K23: A | L23: =SUMIF('🟢 Primeira'!A12:A21,"A",'🟢 Primeira'!G12:G21)+SUMIF('🟡 01'!A12:A31,"A",'🟡 01'!G12:G31)+SUMIF('🔴 02'!A12:A41,"A",'🔴 02'!G12:G41)
K24: B | L24: =SUMIF('🟢 Primeira'!A12:A21,"B",'🟢 Primeira'!G12:G21)+SUMIF('🟡 01'!A12:A31,"B",'🟡 01'!G12:G31)+SUMIF('🔴 02'!A12:A41,"B",'🔴 02'!G12:G41)
K25: C | L25: =SUMIF('🟢 Primeira'!A12:A21,"C",'🟢 Primeira'!G12:G21)+SUMIF('🟡 01'!A12:A31,"C",'🟡 01'!G12:G31)+SUMIF('🔴 02'!A12:A41,"C",'🔴 02'!G12:G41)
B43: 🌿 One Love, One Excel • Dashboard atualizado automaticamente com base nas 3 abas ABC.

Sheet 🟢 Primeira
A1: CURVA ABC — PRIMEIRA — Curva ABC de Pareto | Reggae Dashboard | J1: Classe A = ate 80% | Classe B = 80-95% | Classe C = 95-100%
A3: VALOR TOTAL | C3: CLASSE A (VT) | E3: CLASSE B (VT) | G3: MAIOR V.T.
A4: =SUM($G$12:$G$21) | C4: =SUMIF($A$12:$A$21,"A",$G$12:$G$21) | E4: =SUMIF($A$12:$A$21,"B",$G$12:$G$21) | G4: =MAX($G$12:$G$21)
A5: TOTAL DE ITENS | C5: % ITENS CLASSE A | E5: CLASSE C (VT) | G5: STATUS
A6: =COUNTA($D$12:$D$21) | C6: =IFERROR(COUNTIF($A$12:$A$21,"A")/COUNTA($D$12:$D$21),0) | E6: =SUMIF($A$12:$A$21,"C",$G$12:$G$21) | G6: =IF(IFERROR(MAX($I$12:$I$21),0)>1.001,"VERIFICAR","OK")
A8: Edite somente: Qtd. (col E) e Custo Unit. (col F) | Limite A → celula B9 | Limite B → celula B10 | V.T. e ABC recalculam automaticamente | K8: RESUMO POR CLASSE
A9: Limite A (Classe A): | B9: 0.8 | K9: A | L9: =SUMIF($A$12:$A$21,"A",$G$12:$G$21) | M9: =IFERROR(L9/SUM($G$12:$G$21),0) | N9: =COUNTIF($A$12:$A$21,"A")
A10: Limite B (Classe B): | B10: 0.95 | K10: B | L10: =SUMIF($A$12:$A$21,"B",$G$12:$G$21) | M10: =IFERROR(L10/SUM($G$12:$G$21),0) | N10: =COUNTIF($A$12:$A$21,"B")
A11: ABC | B11: SKU | C11: Cod. | D11: Descricao do Produto | E11: Qtd. | F11: Custo Unit.(R$) | G11: V.T. (R$) | H11: % Individual | I11: % Acumulado | K11: C | L11: =SUMIF($A$12:$A$21,"C",$G$12:$G$21) | M11: =IFERROR(L11/SUM($G$12:$G$21),0) | N11: =COUNTIF($A$12:$A$21,"C") | P11: Rank | Q11: SKU | R11: V.T. (R$) | S11: Classe | T11: % Acumulado | U11: % Individual | V11: A | W11: B | X11: C | Y11: Banda A | Z11: Banda B | AA11: Banda C | AB11: score
A12: =IF($I12<=$B$9,"A",IF($I12<=$B$10,"B","C")) | B12: SKU01 | C12: 3 | D12: Servidor Backup | E12: 2 | F12: 25000 | G12: =IFERROR(E12*F12,0) | H12: =IFERROR(G12/SUM($G$12:$G$21),0) | I12: =IFERROR((SUMPRODUCT(($G$12:$G$21>$G12)*$G$12:$G$21)+SUMPRODUCT(($G$12:$G$21=$G12)*(ROW($G$12:$G$21)<=ROW($G12))*$G$12:$G$21))/SUM($G$12:$G$21),0) | P12: 1 | Q12: =IFERROR(INDEX($B$12:$B$21,MATCH(LARGE($AB$12:$AB$21,$P12),$AB$12:$AB$21,0)),"") | R12: =IFERROR(INDEX($G$12:$G$21,MATCH(LARGE($AB$12:$AB$21,$P12),$AB$12:$AB$21,0)),0) | S12: =IF($T12<=$B$9,"A",IF($T12<=$B$10,"B","C")) | T12: =IFERROR($R12/SUM($G$12:$G$21),0) | U12: =IFERROR($R12/SUM($G$12:$G$21),0) | V12: =IF($S12="A",$U12,NA()) | W12: =IF($S12="B",$U12,NA()) | X12: =IF($S12="C",$U12,NA()) | Y12: =IF($S12="A",$T12,NA()) | Z12: =IF(OR($S12="A",$S12="B"),$T12,NA()) | AA12: =$T12 | AB12: =IFERROR($G12+(21-ROW())/1000000000,0)
A13: =IF($I13<=$B$9,"A",IF($I13<=$B$10,"B","C")) | B13: SKU02 | C13: 5 | D13: Monitor 27" 4K | E13: 10 | F13: 3000 | G13: =IFERROR(E13*F13,0) | H13: =IFERROR(G13/SUM($G$12:$G$21),0) | I13: =IFERROR((SUMPRODUCT(($G$12:$G$21>$G13)*$G$12:$G$21)+SUMPRODUCT(($G$12:$G$21=$G13)*(ROW($G$12:$G$21)<=ROW($G13))*$G$12:$G$21))/SUM($G$12:$G$21),0) | P13: 2 | Q13: =IFERROR(INDEX($B$12:$B$21,MATCH(LARGE($AB$12:$AB$21,$P13),$AB$12:$AB$21,0)),"") | R13: =IFERROR(INDEX($G$12:$G$21,MATCH(LARGE($AB$12:$AB$21,$P13),$AB$12:$AB$21,0)),0) | S13: =IF($T13<=$B$9,"A",IF($T13<=$B$10,"B","C")) | T13: =IFERROR($T12+$R13/SUM($G$12:$G$21),0) | U13: =IFERROR($R13/SUM($G$12:$G$21),0) | V13: =IF($S13="A",$U13,NA()) | W13: =IF($S13="B",$U13,NA()) | X13: =IF($S13="C",$U13,NA()) | Y13: =IF($S13="A",$T13,NA()) | Z13: =IF(OR($S13="A",$S13="B"),$T13,NA()) | AA13: =$T13 | AB13: =IFERROR($G13+(21-ROW())/1000000000,0)
A14: =IF($I14<=$B$9,"A",IF($I14<=$B$10,"B","C")) | B14: SKU03 | C14: 9 | D14: Notebook Administrativo | E14: 6 | F14: 4500 | G14: =IFERROR(E14*F14,0) | H14: =IFERROR(G14/SUM($G$12:$G$21),0) | I14: =IFERROR((SUMPRODUCT(($G$12:$G$21>$G14)*$G$12:$G$21)+SUMPRODUCT(($G$12:$G$21=$G14)*(ROW($G$12:$G$21)<=ROW($G14))*$G$12:$G$21))/SUM($G$12:$G$21),0) | P14: 3 | Q14: =IFERROR(INDEX($B$12:$B$21,MATCH(LARGE($AB$12:$AB$21,$P14),$AB$12:$AB$21,0)),"") | R14: =IFERROR(INDEX($G$12:$G$21,MATCH(LARGE($AB$12:$AB$21,$P14),$AB$12:$AB$21,0)),0) | S14: =IF($T14<=$B$9,"A",IF($T14<=$B$10,"B","C")) | T14: =IFERROR($T13+$R14/SUM($G$12:$G$21),0) | U14: =IFERROR($R14/SUM($G$12:$G$21),0) | V14: =IF($S14="A",$U14,NA()) | W14: =IF($S14="B",$U14,NA()) | X14: =IF($S14="C",$U14,NA()) | Y14: =IF($S14="A",$T14,NA()) | Z14: =IF(OR($S14="A",$S14="B"),$T14,NA()) | AA14: =$T14 | AB14: =IFERROR($G14+(21-ROW())/1000000000,0)
A15: =IF($I15<=$B$9,"A",IF($I15<=$B$10,"B","C")) | B15: SKU04 | C15: 1 | D15: Nobreak Profissional | E15: 5 | F15: 2000 | G15: =IFERROR(E15*F15,0) | H15: =IFERROR(G15/SUM($G$12:$G$21),0) | I15: =IFERROR((SUMPRODUCT(($G$12:$G$21>$G15)*$G$12:$G$21)+SUMPRODUCT(($G$12:$G$21=$G15)*(ROW($G$12:$G$21)<=ROW($G15))*$G$12:$G$21))/SUM($G$12:$G$21),0) | P15: 4 | Q15: =IFERROR(INDEX($B$12:$B$21,MATCH(LARGE($AB$12:$AB$21,$P15),$AB$12:$AB$21,0)),"") | R15: =IFERROR(INDEX($G$12:$G$21,MATCH(LARGE($AB$12:$AB$21,$P15),$AB$12:$AB$21,0)),0) | S15: =IF($T15<=$B$9,"A",IF($T15<=$B$10,"B","C")) | T15: =IFERROR($T14+$R15/SUM($G$12:$G$21),0) | U15: =IFERROR($R15/SUM($G$12:$G$21),0) | V15: =IF($S15="A",$U15,NA()) | W15: =IF($S15="B",$U15,NA()) | X15: =IF($S15="C",$U15,NA()) | Y15: =IF($S15="A",$T15,NA()) | Z15: =IF(OR($S15="A",$S15="B"),$T15,NA()) | AA15: =$T15 | AB15: =IFERROR($G15+(21-ROW())/1000000000,0)
A16: =IF($I16<=$B$9,"A",IF($I16<=$B$10,"B","C")) | B16: SKU05 | C16: 7 | D16: Switch Gerenciavel | E16: 4 | F16: 1500 | G16: =IFERROR(E16*F16,0) | H16: =IFERROR(G16/SUM($G$12:$G$21),0) | I16: =IFERROR((SUMPRODUCT(($G$12:$G$21>$G16)*$G$12:$G$21)+SUMPRODUCT(($G$12:$G$21=$G16)*(ROW($G$12:$G$21)<=ROW($G16))*$G$12:$G$21))/SUM($G$12:$G$21),0) | P16: 5 | Q16: =IFERROR(INDEX($B$12:$B$21,MATCH(LARGE($AB$12:$AB$21,$P16),$AB$12:$AB$21,0)),"") | R16: =IFERROR(INDEX($G$12:$G$21,MATCH(LARGE($AB$12:$AB$21,$P16),$AB$12:$AB$21,0)),0) | S16: =IF($T16<=$B$9,"A",IF($T16<=$B$10,"B","C")) | T16: =IFERROR($T15+$R16/SUM($G$12:$G$21),0) | U16: =IFERROR($R16/SUM($G$12:$G$21),0) | V16: =IF($S16="A",$U16,NA()) | W16: =IF($S16="B",$U16,NA()) | X16: =IF($S16="C",$U16,NA()) | Y16: =IF($S16="A",$T16,NA()) | Z16: =IF(OR($S16="A",$S16="B"),$T16,NA()) | AA16: =$T16 | AB16: =IFERROR($G16+(21-ROW())/1000000000,0)
A17: =IF($I17<=$B$9,"A",IF($I17<=$B$10,"B","C")) | B17: SKU06 | C17: 4 | D17: Mouse sem fio | E17: 40 | F17: 50 | G17: =IFERROR(E17*F17,0) | H17: =IFERROR(G17/SUM($G$12:$G$21),0) | I17: =IFERROR((SUMPRODUCT(($G$12:$G$21>$G17)*$G$12:$G$21)+SUMPRODUCT(($G$12:$G$21=$G17)*(ROW($G$12:$G$21)<=ROW($G17))*$G$12:$G$21))/SUM($G$12:$G$21),0) | P17: 6 | Q17: =IFERROR(INDEX($B$12:$B$21,MATCH(LARGE($AB$12:$AB$21,$P17),$AB$12:$AB$21,0)),"") | R17: =IFERROR(INDEX($G$12:$G$21,MATCH(LARGE($AB$12:$AB$21,$P17),$AB$12:$AB$21,0)),0) | S17: =IF($T17<=$B$9,"A",IF($T17<=$B$10,"B","C")) | T17: =IFERROR($T16+$R17/SUM($G$12:$G$21),0) | U17: =IFERROR($R17/SUM($G$12:$G$21),0) | V17: =IF($S17="A",$U17,NA()) | W17: =IF($S17="B",$U17,NA()) | X17: =IF($S17="C",$U17,NA()) | Y17: =IF($S17="A",$T17,NA()) | Z17: =IF(OR($S17="A",$S17="B"),$T17,NA()) | AA17: =$T17 | AB17: =IFERROR($G17+(21-ROW())/1000000000,0)
A18: =IF($I18<=$B$9,"A",IF($I18<=$B$10,"B","C")) | B18: SKU07 | C18: 8 | D18: Patch Cord 1m | E18: 100 | F18: 15 | G18: =IFERROR(E18*F18,0) | H18: =IFERROR(G18/SUM($G$12:$G$21),0) | I18: =IFERROR((SUMPRODUCT(($G$12:$G$21>$G18)*$G$12:$G$21)+SUMPRODUCT(($G$12:$G$21=$G18)*(ROW($G$12:$G$21)<=ROW($G18))*$G$12:$G$21))/SUM($G$12:$G$21),0) | P18: 7 | Q18: =IFERROR(INDEX($B$12:$B$21,MATCH(LARGE($AB$12:$AB$21,$P18),$AB$12:$AB$21,0)),"") | R18: =IFERROR(INDEX($G$12:$G$21,MATCH(LARGE($AB$12:$AB$21,$P18),$AB$12:$AB$21,0)),0) | S18: =IF($T18<=$B$9,"A",IF($T18<=$B$10,"B","C")) | T18: =IFERROR($T17+$R18/SUM($G$12:$G$21),0) | U18: =IFERROR($R18/SUM($G$12:$G$21),0) | V18: =IF($S18="A",$U18,NA()) | W18: =IF($S18="B",$U18,NA()) | X18: =IF($S18="C",$U18,NA()) | Y18: =IF($S18="A",$T18,NA()) | Z18: =IF(OR($S18="A",$S18="B"),$T18,NA()) | AA18: =$T18 | AB18: =IFERROR($G18+(21-ROW())/1000000000,0)
A19: =IF($I19<=$B$9,"A",IF($I19<=$B$10,"B","C")) | B19: SKU08 | C19: 6 | D19: Teclado USB | E19: 80 | F19: 35 | G19: =IFERROR(E19*F19,0) | H19: =IFERROR(G19/SUM($G$12:$G$21),0) | I19: =IFERROR((SUMPRODUCT(($G$12:$G$21>$G19)*$G$12:$G$21)+SUMPRODUCT(($G$12:$G$21=$G19)*(ROW($G$12:$G$21)<=ROW($G19))*$G$12:$G$21))/SUM($G$12:$G$21),0) | P19: 8 | Q19: =IFERROR(INDEX($B$12:$B$21,MATCH(LARGE($AB$12:$AB$21,$P19),$AB$12:$AB$21,0)),"") | R19: =IFERROR(INDEX($G$12:$G$21,MATCH(LARGE($AB$12:$AB$21,$P19),$AB$12:$AB$21,0)),0) | S19: =IF($T19<=$B$9,"A",IF($T19<=$B$10,"B","C")) | T19: =IFERROR($T18+$R19/SUM($G$12:$G$21),0) | U19: =IFERROR($R19/SUM($G$12:$G$21),0) | V19: =IF($S19="A",$U19,NA()) | W19: =IF($S19="B",$U19,NA()) | X19: =IF($S19="C",$U19,NA()) | Y19: =IF($S19="A",$T19,NA()) | Z19: =IF(OR($S19="A",$S19="B"),$T19,NA()) | AA19: =$T19 | AB19: =IFERROR($G19+(21-ROW())/1000000000,0)
A20: =IF($I20<=$B$9,"A",IF($I20<=$B$10,"B","C")) | B20: SKU09 | C20: 2 | D20: Cabo Rede Cat6 (m) | E20: 200 | F20: 8 | G20: =IFERROR(E20*F20,0) | H20: =IFERROR(G20/SUM($G$12:$G$21),0) | I20: =IFERROR((SUMPRODUCT(($G$12:$G$21>$G20)*$G$12:$G$21)+SUMPRODUCT(($G$12:$G$21=$G20)*(ROW($G$12:$G$21)<=ROW($G20))*$G$12:$G$21))/SUM($G$12:$G$21),0) | P20: 9 | Q20: =IFERROR(INDEX($B$12:$B$21,MATCH(LARGE($AB$12:$AB$21,$P20),$AB$12:$AB$21,0)),"") | R20: =IFERROR(INDEX($G$12:$G$21,MATCH(LARGE($AB$12:$AB$21,$P20),$AB$12:$AB$21,0)),0) | S20: =IF($T20<=$B$9,"A",IF($T20<=$B$10,"B","C")) | T20: =IFERROR($T19+$R20/SUM($G$12:$G$21),0) | U20: =IFERROR($R20/SUM($G$12:$G$21),0) | V20: =IF($S20="A",$U20,NA()) | W20: =IF($S20="B",$U20,NA()) | X20: =IF($S20="C",$U20,NA()) | Y20: =IF($S20="A",$T20,NA()) | Z20: =IF(OR($S20="A",$S20="B"),$T20,NA()) | AA20: =$T20 | AB20: =IFERROR($G20+(21-ROW())/1000000000,0)
A21: =IF($I21<=$B$9,"A",IF($I21<=$B$10,"B","C")) | B21: SKU10 | C21: 10 | D21: Mousepad Slim | E21: 120 | F21: 12 | G21: =IFERROR(E21*F21,0) | H21: =IFERROR(G21/SUM($G$12:$G$21),0) | I21: =IFERROR((SUMPRODUCT(($G$12:$G$21>$G21)*$G$12:$G$21)+SUMPRODUCT(($G$12:$G$21=$G21)*(ROW($G$12:$G$21)<=ROW($G21))*$G$12:$G$21))/SUM($G$12:$G$21),0) | P21: 10 | Q21: =IFERROR(INDEX($B$12:$B$21,MATCH(LARGE($AB$12:$AB$21,$P21),$AB$12:$AB$21,0)),"") | R21: =IFERROR(INDEX($G$12:$G$21,MATCH(LARGE($AB$12:$AB$21,$P21),$AB$12:$AB$21,0)),0) | S21: =IF($T21<=$B$9,"A",IF($T21<=$B$10,"B","C")) | T21: =IFERROR($T20+$R21/SUM($G$12:$G$21),0) | U21: =IFERROR($R21/SUM($G$12:$G$21),0) | V21: =IF($S21="A",$U21,NA()) | W21: =IF($S21="B",$U21,NA()) | X21: =IF($S21="C",$U21,NA()) | Y21: =IF($S21="A",$T21,NA()) | Z21: =IF(OR($S21="A",$S21="B"),$T21,NA()) | AA21: =$T21 | AB21: =IFERROR($G21+(21-ROW())/1000000000,0)
A22: TOTAL GERAL | E22: =SUM(E12:E21) | G22: =SUM(G12:G21) | H22: 1 | I22: 1

Sheet 🟡 01
A1: CURVA ABC — ABA 01 — Curva ABC de Pareto | Reggae Dashboard | J1: Classe A = ate 80% | Classe B = 80-95% | Classe C = 95-100%
A3: VALOR TOTAL | C3: CLASSE A (VT) | E3: CLASSE B (VT) | G3: MAIOR V.T.
A4: =SUM($G$12:$G$31) | C4: =SUMIF($A$12:$A$31,"A",$G$12:$G$31) | E4: =SUMIF($A$12:$A$31,"B",$G$12:$G$31) | G4: =MAX($G$12:$G$31)
A5: TOTAL DE ITENS | C5: % ITENS CLASSE A | E5: CLASSE C (VT) | G5: STATUS
A6: =COUNTA($D$12:$D$31) | C6: =IFERROR(COUNTIF($A$12:$A$31,"A")/COUNTA($D$12:$D$31),0) | E6: =SUMIF($A$12:$A$31,"C",$G$12:$G$31) | G6: =IF(IFERROR(MAX($I$12:$I$31),0)>1.001,"VERIFICAR","OK")
A8: Edite somente: Qtd. (col E) e Custo Unit. (col F) | Limite A → celula B9 | Limite B → celula B10 | V.T. e ABC recalculam automaticamente | K8: RESUMO POR CLASSE
A9: Limite A (Classe A): | B9: 0.8 | K9: A | L9: =SUMIF($A$12:$A$31,"A",$G$12:$G$31) | M9: =IFERROR(L9/SUM($G$12:$G$31),0) | N9: =COUNTIF($A$12:$A$31,"A")
A10: Limite B (Classe B): | B10: 0.95 | K10: B | L10: =SUMIF($A$12:$A$31,"B",$G$12:$G$31) | M10: =IFERROR(L10/SUM($G$12:$G$31),0) | N10: =COUNTIF($A$12:$A$31,"B")
A11: ABC | B11: SKU | C11: Cod. | D11: Descricao do Produto | E11: Qtd. | F11: Custo Unit.(R$) | G11: V.T. (R$) | H11: % Individual | I11: % Acumulado | K11: C | L11: =SUMIF($A$12:$A$31,"C",$G$12:$G$31) | M11: =IFERROR(L11/SUM($G$12:$G$31),0) | N11: =COUNTIF($A$12:$A$31,"C") | P11: Rank | Q11: SKU | R11: V.T. (R$) | S11: Classe | T11: % Acumulado | U11: % Individual | V11: A | W11: B | X11: C | Y11: Banda A | Z11: Banda B | AA11: Banda C | AB11: score
A12: =IF($I12<=$B$9,"A",IF($I12<=$B$10,"B","C")) | B12: SKU01 | C12: 10 | D12: Notebook Executivo i7 | E12: 35 | F12: 6500 | G12: =IFERROR(E12*F12,0) | H12: =IFERROR(G12/SUM($G$12:$G$31),0) | I12: =IFERROR((SUMPRODUCT(($G$12:$G$31>$G12)*$G$12:$G$31)+SUMPRODUCT(($G$12:$G$31=$G12)*(ROW($G$12:$G$31)<=ROW($G12))*$G$12:$G$31))/SUM($G$12:$G$31),0) | P12: 1 | Q12: =IFERROR(INDEX($B$12:$B$31,MATCH(LARGE($AB$12:$AB$31,$P12),$AB$12:$AB$31,0)),"") | R12: =IFERROR(INDEX($G$12:$G$31,MATCH(LARGE($AB$12:$AB$31,$P12),$AB$12:$AB$31,0)),0) | S12: =IF($T12<=$B$9,"A",IF($T12<=$B$10,"B","C")) | T12: =IFERROR($R12/SUM($G$12:$G$31),0) | U12: =IFERROR($R12/SUM($G$12:$G$31),0) | V12: =IF($S12="A",$U12,NA()) | W12: =IF($S12="B",$U12,NA()) | X12: =IF($S12="C",$U12,NA()) | Y12: =IF($S12="A",$T12,NA()) | Z12: =IF(OR($S12="A",$S12="B"),$T12,NA()) | AA12: =$T12 | AB12: =IFERROR($G12+(31-ROW())/1000000000,0)
A13: =IF($I13<=$B$9,"A",IF($I13<=$B$10,"B","C")) | B13: SKU02 | C13: 2 | D13: Servidor de Dados Pro | E13: 12 | F13: 15000 | G13: =IFERROR(E13*F13,0) | H13: =IFERROR(G13/SUM($G$12:$G$31),0) | I13: =IFERROR((SUMPRODUCT(($G$12:$G$31>$G13)*$G$12:$G$31)+SUMPRODUCT(($G$12:$G$31=$G13)*(ROW($G$12:$G$31)<=ROW($G13))*$G$12:$G$31))/SUM($G$12:$G$31),0) | P13: 2 | Q13: =IFERROR(INDEX($B$12:$B$31,MATCH(LARGE($AB$12:$AB$31,$P13),$AB$12:$AB$31,0)),"") | R13: =IFERROR(INDEX($G$12:$G$31,MATCH(LARGE($AB$12:$AB$31,$P13),$AB$12:$AB$31,0)),0) | S13: =IF($T13<=$B$9,"A",IF($T13<=$B$10,"B","C")) | T13: =IFERROR($T12+$R13/SUM($G$12:$G$31),0) | U13: =IFERROR($R13/SUM($G$12:$G$31),0) | V13: =IF($S13="A",$U13,NA()) | W13: =IF($S13="B",$U13,NA()) | X13: =IF($S13="C",$U13,NA()) | Y13: =IF($S13="A",$T13,NA()) | Z13: =IF(OR($S13="A",$S13="B"),$T13,NA()) | AA13: =$T13 | AB13: =IFERROR($G13+(31-ROW())/1000000000,0)
A14: =IF($I14<=$B$9,"A",IF($I14<=$B$10,"B","C")) | B14: SKU03 | C14: 17 | D14: Impressora Multifuncional | E14: 55 | F14: 1100 | G14: =IFERROR(E14*F14,0) | H14: =IFERROR(G14/SUM($G$12:$G$31),0) | I14: =IFERROR((SUMPRODUCT(($G$12:$G$31>$G14)*$G$12:$G$31)+SUMPRODUCT(($G$12:$G$31=$G14)*(ROW($G$12:$G$31)<=ROW($G14))*$G$12:$G$31))/SUM($G$12:$G$31),0) | P14: 3 | Q14: =IFERROR(INDEX($B$12:$B$31,MATCH(LARGE($AB$12:$AB$31,$P14),$AB$12:$AB$31,0)),"") | R14: =IFERROR(INDEX($G$12:$G$31,MATCH(LARGE($AB$12:$AB$31,$P14),$AB$12:$AB$31,0)),0) | S14: =IF($T14<=$B$9,"A",IF($T14<=$B$10,"B","C")) | T14: =IFERROR($T13+$R14/SUM($G$12:$G$31),0) | U14: =IFERROR($R14/SUM($G$12:$G$31),0) | V14: =IF($S14="A",$U14,NA()) | W14: =IF($S14="B",$U14,NA()) | X14: =IF($S14="C",$U14,NA()) | Y14: =IF($S14="A",$T14,NA()) | Z14: =IF(OR($S14="A",$S14="B"),$T14,NA()) | AA14: =$T14 | AB14: =IFERROR($G14+(31-ROW())/1000000000,0)
A15: =IF($I15<=$B$9,"A",IF($I15<=$B$10,"B","C")) | B15: SKU04 | C15: 12 | D15: Toner Impressora Laser | E15: 68 | F15: 680 | G15: =IFERROR(E15*F15,0) | H15: =IFERROR(G15/SUM($G$12:$G$31),0) | I15: =IFERROR((SUMPRODUCT(($G$12:$G$31>$G15)*$G$12:$G$31)+SUMPRODUCT(($G$12:$G$31=$G15)*(ROW($G$12:$G$31)<=ROW($G15))*$G$12:$G$31))/SUM($G$12:$G$31),0) | P15: 4 | Q15: =IFERROR(INDEX($B$12:$B$31,MATCH(LARGE($AB$12:$AB$31,$P15),$AB$12:$AB$31,0)),"") | R15: =IFERROR(INDEX($G$12:$G$31,MATCH(LARGE($AB$12:$AB$31,$P15),$AB$12:$AB$31,0)),0) | S15: =IF($T15<=$B$9,"A",IF($T15<=$B$10,"B","C")) | T15: =IFERROR($T14+$R15/SUM($G$12:$G$31),0) | U15: =IFERROR($R15/SUM($G$12:$G$31),0) | V15: =IF($S15="A",$U15,NA()) | W15: =IF($S15="B",$U15,NA()) | X15: =IF($S15="C",$U15,NA()) | Y15: =IF($S15="A",$T15,NA()) | Z15: =IF(OR($S15="A",$S15="B"),$T15,NA()) | AA15: =$T15 | AB15: =IFERROR($G15+(31-ROW())/1000000000,0)
A16: =IF($I16<=$B$9,"A",IF($I16<=$B$10,"B","C")) | B16: SKU05 | C16: 19 | D16: Memoria RAM 16GB | E16: 45 | F16: 380 | G16: =IFERROR(E16*F16,0) | H16: =IFERROR(G16/SUM($G$12:$G$31),0) | I16: =IFERROR((SUMPRODUCT(($G$12:$G$31>$G16)*$G$12:$G$31)+SUMPRODUCT(($G$12:$G$31=$G16)*(ROW($G$12:$G$31)<=ROW($G16))*$G$12:$G$31))/SUM($G$12:$G$31),0) | P16: 5 | Q16: =IFERROR(INDEX($B$12:$B$31,MATCH(LARGE($AB$12:$AB$31,$P16),$AB$12:$AB$31,0)),"") | R16: =IFERROR(INDEX($G$12:$G$31,MATCH(LARGE($AB$12:$AB$31,$P16),$AB$12:$AB$31,0)),0) | S16: =IF($T16<=$B$9,"A",IF($T16<=$B$10,"B","C")) | T16: =IFERROR($T15+$R16/SUM($G$12:$G$31),0) | U16: =IFERROR($R16/SUM($G$12:$G$31),0) | V16: =IF($S16="A",$U16,NA()) | W16: =IF($S16="B",$U16,NA()) | X16: =IF($S16="C",$U16,NA()) | Y16: =IF($S16="A",$T16,NA()) | Z16: =IF(OR($S16="A",$S16="B"),$T16,NA()) | AA16: =$T16 | AB16: =IFERROR($G16+(31-ROW())/1000000000,0)
A17: =IF($I17<=$B$9,"A",IF($I17<=$B$10,"B","C")) | B17: SKU06 | C17: 4 | D17: Monitor LED 24" | E17: 20 | F17: 850 | G17: =IFERROR(E17*F17,0) | H17: =IFERROR(G17/SUM($G$12:$G$31),0) | I17: =IFERROR((SUMPRODUCT(($G$12:$G$31>$G17)*$G$12:$G$31)+SUMPRODUCT(($G$12:$G$31=$G17)*(ROW($G$12:$G$31)<=ROW($G17))*$G$12:$G$31))/SUM($G$12:$G$31),0) | P17: 6 | Q17: =IFERROR(INDEX($B$12:$B$31,MATCH(LARGE($AB$12:$AB$31,$P17),$AB$12:$AB$31,0)),"") | R17: =IFERROR(INDEX($G$12:$G$31,MATCH(LARGE($AB$12:$AB$31,$P17),$AB$12:$AB$31,0)),0) | S17: =IF($T17<=$B$9,"A",IF($T17<=$B$10,"B","C")) | T17: =IFERROR($T16+$R17/SUM($G$12:$G$31),0) | U17: =IFERROR($R17/SUM($G$12:$G$31),0) | V17: =IF($S17="A",$U17,NA()) | W17: =IF($S17="B",$U17,NA()) | X17: =IF($S17="C",$U17,NA()) | Y17: =IF($S17="A",$T17,NA()) | Z17: =IF(OR($S17="A",$S17="B"),$T17,NA()) | AA17: =$T17 | AB17: =IFERROR($G17+(31-ROW())/1000000000,0)
A18: =IF($I18<=$B$9,"A",IF($I18<=$B$10,"B","C")) | B18: SKU07 | C18: 14 | D18: Webcam Full HD | E18: 82 | F18: 180 | G18: =IFERROR(E18*F18,0) | H18: =IFERROR(G18/SUM($G$12:$G$31),0) | I18: =IFERROR((SUMPRODUCT(($G$12:$G$31>$G18)*$G$12:$G$31)+SUMPRODUCT(($G$12:$G$31=$G18)*(ROW($G$12:$G$31)<=ROW($G18))*$G$12:$G$31))/SUM($G$12:$G$31),0) | P18: 7 | Q18: =IFERROR(INDEX($B$12:$B$31,MATCH(LARGE($AB$12:$AB$31,$P18),$AB$12:$AB$31,0)),"") | R18: =IFERROR(INDEX($G$12:$G$31,MATCH(LARGE($AB$12:$AB$31,$P18),$AB$12:$AB$31,0)),0) | S18: =IF($T18<=$B$9,"A",IF($T18<=$B$10,"B","C")) | T18: =IFERROR($T17+$R18/SUM($G$12:$G$31),0) | U18: =IFERROR($R18/SUM($G$12:$G$31),0) | V18: =IF($S18="A",$U18,NA()) | W18: =IF($S18="B",$U18,NA()) | X18: =IF($S18="C",$U18,NA()) | Y18: =IF($S18="A",$T18,NA()) | Z18: =IF(OR($S18="A",$S18="B"),$T18,NA()) | AA18: =$T18 | AB18: =IFERROR($G18+(31-ROW())/1000000000,0)
A19: =IF($I19<=$B$9,"A",IF($I19<=$B$10,"B","C")) | B19: SKU08 | C19: 11 | D19: Roteador Wi-Fi 6 | E19: 15 | F19: 650 | G19: =IFERROR(E19*F19,0) | H19: =IFERROR(G19/SUM($G$12:$G$31),0) | I19: =IFERROR((SUMPRODUCT(($G$12:$G$31>$G19)*$G$12:$G$31)+SUMPRODUCT(($G$12:$G$31=$G19)*(ROW($G$12:$G$31)<=ROW($G19))*$G$12:$G$31))/SUM($G$12:$G$31),0) | P19: 8 | Q19: =IFERROR(INDEX($B$12:$B$31,MATCH(LARGE($AB$12:$AB$31,$P19),$AB$12:$AB$31,0)),"") | R19: =IFERROR(INDEX($G$12:$G$31,MATCH(LARGE($AB$12:$AB$31,$P19),$AB$12:$AB$31,0)),0) | S19: =IF($T19<=$B$9,"A",IF($T19<=$B$10,"B","C")) | T19: =IFERROR($T18+$R19/SUM($G$12:$G$31),0) | U19: =IFERROR($R19/SUM($G$12:$G$31),0) | V19: =IF($S19="A",$U19,NA()) | W19: =IF($S19="B",$U19,NA()) | X19: =IF($S19="C",$U19,NA()) | Y19: =IF($S19="A",$T19,NA()) | Z19: =IF(OR($S19="A",$S19="B"),$T19,NA()) | AA19: =$T19 | AB19: =IFERROR($G19+(31-ROW())/1000000000,0)
A20: =IF($I20<=$B$9,"A",IF($I20<=$B$10,"B","C")) | B20: SKU09 | C20: 15 | D20: SSD 480GB Sata | E20: 55 | F20: 190 | G20: =IFERROR(E20*F20,0) | H20: =IFERROR(G20/SUM($G$12:$G$31),0) | I20: =IFERROR((SUMPRODUCT(($G$12:$G$31>$G20)*$G$12:$G$31)+SUMPRODUCT(($G$12:$G$31=$G20)*(ROW($G$12:$G$31)<=ROW($G20))*$G$12:$G$31))/SUM($G$12:$G$31),0) | P20: 9 | Q20: =IFERROR(INDEX($B$12:$B$31,MATCH(LARGE($AB$12:$AB$31,$P20),$AB$12:$AB$31,0)),"") | R20: =IFERROR(INDEX($G$12:$G$31,MATCH(LARGE($AB$12:$AB$31,$P20),$AB$12:$AB$31,0)),0) | S20: =IF($T20<=$B$9,"A",IF($T20<=$B$10,"B","C")) | T20: =IFERROR($T19+$R20/SUM($G$12:$G$31),0) | U20: =IFERROR($R20/SUM($G$12:$G$31),0) | V20: =IF($S20="A",$U20,NA()) | W20: =IF($S20="B",$U20,NA()) | X20: =IF($S20="C",$U20,NA()) | Y20: =IF($S20="A",$T20,NA()) | Z20: =IF(OR($S20="A",$S20="B"),$T20,NA()) | AA20: =$T20 | AB20: =IFERROR($G20+(31-ROW())/1000000000,0)
A21: =IF($I21<=$B$9,"A",IF($I21<=$B$10,"B","C")) | B21: SKU10 | C21: 6 | D21: Nobreak 1500VA | E21: 8 | F21: 1200 | G21: =IFERROR(E21*F21,0) | H21: =IFERROR(G21/SUM($G$12:$G$31),0) | I21: =IFERROR((SUMPRODUCT(($G$12:$G$31>$G21)*$G$12:$G$31)+SUMPRODUCT(($G$12:$G$31=$G21)*(ROW($G$12:$G$31)<=ROW($G21))*$G$12:$G$31))/SUM($G$12:$G$31),0) | P21: 10 | Q21: =IFERROR(INDEX($B$12:$B$31,MATCH(LARGE($AB$12:$AB$31,$P21),$AB$12:$AB$31,0)),"") | R21: =IFERROR(INDEX($G$12:$G$31,MATCH(LARGE($AB$12:$AB$31,$P21),$AB$12:$AB$31,0)),0) | S21: =IF($T21<=$B$9,"A",IF($T21<=$B$10,"B","C")) | T21: =IFERROR($T20+$R21/SUM($G$12:$G$31),0) | U21: =IFERROR($R21/SUM($G$12:$G$31),0) | V21: =IF($S21="A",$U21,NA()) | W21: =IF($S21="B",$U21,NA()) | X21: =IF($S21="C",$U21,NA()) | Y21: =IF($S21="A",$T21,NA()) | Z21: =IF(OR($S21="A",$S21="B"),$T21,NA()) | AA21: =$T21 | AB21: =IFERROR($G21+(31-ROW())/1000000000,0)
A22: =IF($I22<=$B$9,"A",IF($I22<=$B$10,"B","C")) | B22: SKU11 | C22: 20 | D22: HD Externo 2TB | E22: 18 | F22: 420 | G22: =IFERROR(E22*F22,0) | H22: =IFERROR(G22/SUM($G$12:$G$31),0) | I22: =IFERROR((SUMPRODUCT(($G$12:$G$31>$G22)*$G$12:$G$31)+SUMPRODUCT(($G$12:$G$31=$G22)*(ROW($G$12:$G$31)<=ROW($G22))*$G$12:$G$31))/SUM($G$12:$G$31),0) | P22: 11 | Q22: =IFERROR(INDEX($B$12:$B$31,MATCH(LARGE($AB$12:$AB$31,$P22),$AB$12:$AB$31,0)),"") | R22: =IFERROR(INDEX($G$12:$G$31,MATCH(LARGE($AB$12:$AB$31,$P22),$AB$12:$AB$31,0)),0) | S22: =IF($T22<=$B$9,"A",IF($T22<=$B$10,"B","C")) | T22: =IFERROR($T21+$R22/SUM($G$12:$G$31),0) | U22: =IFERROR($R22/SUM($G$12:$G$31),0) | V22: =IF($S22="A",$U22,NA()) | W22: =IF($S22="B",$U22,NA()) | X22: =IF($S22="C",$U22,NA()) | Y22: =IF($S22="A",$T22,NA()) | Z22: =IF(OR($S22="A",$S22="B"),$T22,NA()) | AA22: =$T22 | AB22: =IFERROR($G22+(31-ROW())/1000000000,0)
A23: =IF($I23<=$B$9,"A",IF($I23<=$B$10,"B","C")) | B23: SKU12 | C23: 5 | D23: Teclado Mecanico RGB | E23: 30 | F23: 250 | G23: =IFERROR(E23*F23,0) | H23: =IFERROR(G23/SUM($G$12:$G$31),0) | I23: =IFERROR((SUMPRODUCT(($G$12:$G$31>$G23)*$G$12:$G$31)+SUMPRODUCT(($G$12:$G$31=$G23)*(ROW($G$12:$G$31)<=ROW($G23))*$G$12:$G$31))/SUM($G$12:$G$31),0) | P23: 12 | Q23: =IFERROR(INDEX($B$12:$B$31,MATCH(LARGE($AB$12:$AB$31,$P23),$AB$12:$AB$31,0)),"") | R23: =IFERROR(INDEX($G$12:$G$31,MATCH(LARGE($AB$12:$AB$31,$P23),$AB$12:$AB$31,0)),0) | S23: =IF($T23<=$B$9,"A",IF($T23<=$B$10,"B","C")) | T23: =IFERROR($T22+$R23/SUM($G$12:$G$31),0) | U23: =IFERROR($R23/SUM($G$12:$G$31),0) | V23: =IF($S23="A",$U23,NA()) | W23: =IF($S23="B",$U23,NA()) | X23: =IF($S23="C",$U23,NA()) | Y23: =IF($S23="A",$T23,NA()) | Z23: =IF(OR($S23="A",$S23="B"),$T23,NA()) | AA23: =$T23 | AB23: =IFERROR($G23+(31-ROW())/1000000000,0)
A24: =IF($I24<=$B$9,"A",IF($I24<=$B$10,"B","C")) | B24: SKU13 | C24: 9 | D24: Pen Drive 64GB | E24: 160 | F24: 45 | G24: =IFERROR(E24*F24,0) | H24: =IFERROR(G24/SUM($G$12:$G$31),0) | I24: =IFERROR((SUMPRODUCT(($G$12:$G$31>$G24)*$G$12:$G$31)+SUMPRODUCT(($G$12:$G$31=$G24)*(ROW($G$12:$G$31)<=ROW($G24))*$G$12:$G$31))/SUM($G$12:$G$31),0) | P24: 13 | Q24: =IFERROR(INDEX($B$12:$B$31,MATCH(LARGE($AB$12:$AB$31,$P24),$AB$12:$AB$31,0)),"") | R24: =IFERROR(INDEX($G$12:$G$31,MATCH(LARGE($AB$12:$AB$31,$P24),$AB$12:$AB$31,0)),0) | S24: =IF($T24<=$B$9,"A",IF($T24<=$B$10,"B","C")) | T24: =IFERROR($T23+$R24/SUM($G$12:$G$31),0) | U24: =IFERROR($R24/SUM($G$12:$G$31),0) | V24: =IF($S24="A",$U24,NA()) | W24: =IF($S24="B",$U24,NA()) | X24: =IF($S24="C",$U24,NA()) | Y24: =IF($S24="A",$T24,NA()) | Z24: =IF(OR($S24="A",$S24="B"),$T24,NA()) | AA24: =$T24 | AB24: =IFERROR($G24+(31-ROW())/1000000000,0)
... A31: =IF($I31<=$B$9,"A",IF($I31<=$B$10,"B","C")) | B31: SKU20 | C31: 8 | D31: Patch Cord RJ45 1m | E31: 200 | F31: 12 | G31: =IFERROR(E31*F31,0) | H31: =IFERROR(G31/SUM($G$12:$G$31),0) | I31: =IFERROR((SUMPRODUCT(($G$12:$G$31>$G31)*$G$12:$G$31)+SUMPRODUCT(($G$12:$G$31=$G31)*(ROW($G$12:$G$31)<=ROW($G31))*$G$12:$G$31))/SUM($G$12:$G$31),0) | P31: 20 | Q31: =IFERROR(INDEX($B$12:$B$31,MATCH(LARGE($AB$12:$AB$31,$P31),$AB$12:$AB$31,0)),"") | R31: =IFERROR(INDEX($G$12:$G$31,MATCH(LARGE($AB$12:$AB$31,$P31),$AB$12:$AB$31,0)),0) | S31: =IF($T31<=$B$9,"A",IF($T31<=$B$10,"B","C")) | T31: =IFERROR($T30+$R31/SUM($G$12:$G$31),0) | U31: =IFERROR($R31/SUM($G$12:$G$31),0) | V31: =IF($S31="A",$U31,NA()) | W31: =IF($S31="B",$U31,NA()) | X31: =IF($S31="C",$U31,NA()) | Y31: =IF($S31="A",$T31,NA()) | Z31: =IF(OR($S31="A",$S31="B"),$T31,NA()) | AA31: =$T31 | AB31: =IFERROR($G31+(31-ROW())/1000000000,0)
A32: TOTAL GERAL | E32: =SUM(E12:E31) | G32: =SUM(G12:G31) | H32: 1 | I32: 1

Sheet 🔴 02
A1: CURVA ABC — ABA 02 — Curva ABC de Pareto | Reggae Dashboard | J1: Classe A = ate 80% | Classe B = 80-95% | Classe C = 95-100%
A3: VALOR TOTAL | C3: CLASSE A (VT) | E3: CLASSE B (VT) | G3: MAIOR V.T.
A4: =SUM($G$12:$G$41) | C4: =SUMIF($A$12:$A$41,"A",$G$12:$G$41) | E4: =SUMIF($A$12:$A$41,"B",$G$12:$G$41) | G4: =MAX($G$12:$G$41)
A5: TOTAL DE ITENS | C5: % ITENS CLASSE A | E5: CLASSE C (VT) | G5: STATUS
A6: =COUNTA($D$12:$D$41) | C6: =IFERROR(COUNTIF($A$12:$A$41,"A")/COUNTA($D$12:$D$41),0) | E6: =SUMIF($A$12:$A$41,"C",$G$12:$G$41) | G6: =IF(IFERROR(MAX($I$12:$I$41),0)>1.001,"VERIFICAR","OK")
A8: Edite somente: Qtd. (col E) e Custo Unit. (col F) | Limite A → celula B9 | Limite B → celula B10 | V.T. e ABC recalculam automaticamente | K8: RESUMO POR CLASSE
A9: Limite A (Classe A): | B9: 0.8 | K9: A | L9: =SUMIF($A$12:$A$41,"A",$G$12:$G$41) | M9: =IFERROR(L9/SUM($G$12:$G$41),0) | N9: =COUNTIF($A$12:$A$41,"A")
A10: Limite B (Classe B): | B10: 0.95 | K10: B | L10: =SUMIF($A$12:$A$41,"B",$G$12:$G$41) | M10: =IFERROR(L10/SUM($G$12:$G$41),0) | N10: =COUNTIF($A$12:$A$41,"B")
A11: ABC | B11: SKU | C11: Cod. | D11: Descricao do Produto | E11: Qtd. | F11: Custo Unit.(R$) | G11: V.T. (R$) | H11: % Individual | I11: % Acumulado | K11: C | L11: =SUMIF($A$12:$A$41,"C",$G$12:$G$41) | M11: =IFERROR(L11/SUM($G$12:$G$41),0) | N11: =COUNTIF($A$12:$A$41,"C") | P11: Rank | Q11: SKU | R11: V.T. (R$) | S11: Classe | T11: % Acumulado | U11: % Individual | V11: A | W11: B | X11: C | Y11: Banda A | Z11: Banda B | AA11: Banda C | AB11: score
A12: =IF($I12<=$B$9,"A",IF($I12<=$B$10,"B","C")) | B12: SKU01 | C12: 2 | D12: Servidor Rack Dell Pro | E12: 15 | F12: 22500 | G12: =IFERROR(E12*F12,0) | H12: =IFERROR(G12/SUM($G$12:$G$41),0) | I12: =IFERROR((SUMPRODUCT(($G$12:$G$41>$G12)*$G$12:$G$41)+SUMPRODUCT(($G$12:$G$41=$G12)*(ROW($G$12:$G$41)<=ROW($G12))*$G$12:$G$41))/SUM($G$12:$G$41),0) | P12: 1 | Q12: =IFERROR(INDEX($B$12:$B$41,MATCH(LARGE($AB$12:$AB$41,$P12),$AB$12:$AB$41,0)),"") | R12: =IFERROR(INDEX($G$12:$G$41,MATCH(LARGE($AB$12:$AB$41,$P12),$AB$12:$AB$41,0)),0) | S12: =IF($T12<=$B$9,"A",IF($T12<=$B$10,"B","C")) | T12: =IFERROR($R12/SUM($G$12:$G$41),0) | U12: =IFERROR($R12/SUM($G$12:$G$41),0) | V12: =IF($S12="A",$U12,NA()) | W12: =IF($S12="B",$U12,NA()) | X12: =IF($S12="C",$U12,NA()) | Y12: =IF($S12="A",$T12,NA()) | Z12: =IF(OR($S12="A",$S12="B"),$T12,NA()) | AA12: =$T12 | AB12: =IFERROR($G12+(41-ROW())/1000000000,0)
A13: =IF($I13<=$B$9,"A",IF($I13<=$B$10,"B","C")) | B13: SKU02 | C13: 17 | D13: Workstation Grafica | E13: 19 | F13: 12000 | G13: =IFERROR(E13*F13,0) | H13: =IFERROR(G13/SUM($G$12:$G$41),0) | I13: =IFERROR((SUMPRODUCT(($G$12:$G$41>$G13)*$G$12:$G$41)+SUMPRODUCT(($G$12:$G$41=$G13)*(ROW($G$12:$G$41)<=ROW($G13))*$G$12:$G$41))/SUM($G$12:$G$41),0) | P13: 2 | Q13: =IFERROR(INDEX($B$12:$B$41,MATCH(LARGE($AB$12:$AB$41,$P13),$AB$12:$AB$41,0)),"") | R13: =IFERROR(INDEX($G$12:$G$41,MATCH(LARGE($AB$12:$AB$41,$P13),$AB$12:$AB$41,0)),0) | S13: =IF($T13<=$B$9,"A",IF($T13<=$B$10,"B","C")) | T13: =IFERROR($T12+$R13/SUM($G$12:$G$41),0) | U13: =IFERROR($R13/SUM($G$12:$G$41),0) | V13: =IF($S13="A",$U13,NA()) | W13: =IF($S13="B",$U13,NA()) | X13: =IF($S13="C",$U13,NA()) | Y13: =IF($S13="A",$T13,NA()) | Z13: =IF(OR($S13="A",$S13="B"),$T13,NA()) | AA13: =$T13 | AB13: =IFERROR($G13+(41-ROW())/1000000000,0)
A14: =IF($I14<=$B$9,"A",IF($I14<=$B$10,"B","C")) | B14: SKU03 | C14: 10 | D14: Notebook i7 32GB RAM | E14: 28 | F14: 7200 | G14: =IFERROR(E14*F14,0) | H14: =IFERROR(G14/SUM($G$12:$G$41),0) | I14: =IFERROR((SUMPRODUCT(($G$12:$G$41>$G14)*$G$12:$G$41)+SUMPRODUCT(($G$12:$G$41=$G14)*(ROW($G$12:$G$41)<=ROW($G14))*$G$12:$G$41))/SUM($G$12:$G$41),0) | P14: 3 | Q14: =IFERROR(INDEX($B$12:$B$41,MATCH(LARGE($AB$12:$AB$41,$P14),$AB$12:$AB$41,0)),"") | R14: =IFERROR(INDEX($G$12:$G$41,MATCH(LARGE($AB$12:$AB$41,$P14),$AB$12:$AB$41,0)),0) | S14: =IF($T14<=$B$9,"A",IF($T14<=$B$10,"B","C")) | T14: =IFERROR($T13+$R14/SUM($G$12:$G$41),0) | U14: =IFERROR($R14/SUM($G$12:$G$41),0) | V14: =IF($S14="A",$U14,NA()) | W14: =IF($S14="B",$U14,NA()) | X14: =IF($S14="C",$U14,NA()) | Y14: =IF($S14="A",$T14,NA()) | Z14: =IF(OR($S14="A",$S14="B"),$T14,NA()) | AA14: =$T14 | AB14: =IFERROR($G14+(41-ROW())/1000000000,0)
A15: =IF($I15<=$B$9,"A",IF($I15<=$B$10,"B","C")) | B15: SKU04 | C15: 8 | D15: Switch Gerenciavel 48p | E15: 10 | F15: 4800 | G15: =IFERROR(E15*F15,0) | H15: =IFERROR(G15/SUM($G$12:$G$41),0) | I15: =IFERROR((SUMPRODUCT(($G$12:$G$41>$G15)*$G$12:$G$41)+SUMPRODUCT(($G$12:$G$41=$G15)*(ROW($G$12:$G$41)<=ROW($G15))*$G$12:$G$41))/SUM($G$12:$G$41),0) | P15: 4 | Q15: =IFERROR(INDEX($B$12:$B$41,MATCH(LARGE($AB$12:$AB$41,$P15),$AB$12:$AB$41,0)),"") | R15: =IFERROR(INDEX($G$12:$G$41,MATCH(LARGE($AB$12:$AB$41,$P15),$AB$12:$AB$41,0)),0) | S15: =IF($T15<=$B$9,"A",IF($T15<=$B$10,"B","C")) | T15: =IFERROR($T14+$R15/SUM($G$12:$G$41),0) | U15: =IFERROR($R15/SUM($G$12:$G$41),0) | V15: =IF($S15="A",$U15,NA()) | W15: =IF($S15="B",$U15,NA()) | X15: =IF($S15="C",$U15,NA()) | Y15: =IF($S15="A",$T15,NA()) | Z15: =IF(OR($S15="A",$S15="B"),$T15,NA()) | AA15: =$T15 | AB15: =IFERROR($G15+(41-ROW())/1000000000,0)
A16: =IF($I16<=$B$9,"A",IF($I16<=$B$10,"B","C")) | B16: SKU05 | C16: 22 | D16: Placa de Video RTX | E16: 8 | F16: 5500 | G16: =IFERROR(E16*F16,0) | H16: =IFERROR(G16/SUM($G$12:$G$41),0) | I16: =IFERROR((SUMPRODUCT(($G$12:$G$41>$G16)*$G$12:$G$41)+SUMPRODUCT(($G$12:$G$41=$G16)*(ROW($G$12:$G$41)<=ROW($G16))*$G$12:$G$41))/SUM($G$12:$G$41),0) | P16: 5 | Q16: =IFERROR(INDEX($B$12:$B$41,MATCH(LARGE($AB$12:$AB$41,$P16),$AB$12:$AB$41,0)),"") | R16: =IFERROR(INDEX($G$12:$G$41,MATCH(LARGE($AB$12:$AB$41,$P16),$AB$12:$AB$41,0)),0) | S16: =IF($T16<=$B$9,"A",IF($T16<=$B$10,"B","C")) | T16: =IFERROR($T15+$R16/SUM($G$12:$G$41),0) | U16: =IFERROR($R16/SUM($G$12:$G$41),0) | V16: =IF($S16="A",$U16,NA()) | W16: =IF($S16="B",$U16,NA()) | X16: =IF($S16="C",$U16,NA()) | Y16: =IF($S16="A",$T16,NA()) | Z16: =IF(OR($S16="A",$S16="B"),$T16,NA()) | AA16: =$T16 | AB16: =IFERROR($G16+(41-ROW())/1000000000,0)
A17: =IF($I17<=$B$9,"A",IF($I17<=$B$10,"B","C")) | B17: SKU06 | C17: 21 | D17: Storage NAS 40TB | E17: 2 | F17: 18500 | G17: =IFERROR(E17*F17,0) | H17: =IFERROR(G17/SUM($G$12:$G$41),0) | I17: =IFERROR((SUMPRODUCT(($G$12:$G$41>$G17)*$G$12:$G$41)+SUMPRODUCT(($G$12:$G$41=$G17)*(ROW($G$12:$G$41)<=ROW($G17))*$G$12:$G$41))/SUM($G$12:$G$41),0) | P17: 6 | Q17: =IFERROR(INDEX($B$12:$B$41,MATCH(LARGE($AB$12:$AB$41,$P17),$AB$12:$AB$41,0)),"") | R17: =IFERROR(INDEX($G$12:$G$41,MATCH(LARGE($AB$12:$AB$41,$P17),$AB$12:$AB$41,0)),0) | S17: =IF($T17<=$B$9,"A",IF($T17<=$B$10,"B","C")) | T17: =IFERROR($T16+$R17/SUM($G$12:$G$41),0) | U17: =IFERROR($R17/SUM($G$12:$G$41),0) | V17: =IF($S17="A",$U17,NA()) | W17: =IF($S17="B",$U17,NA()) | X17: =IF($S17="C",$U17,NA()) | Y17: =IF($S17="A",$T17,NA()) | Z17: =IF(OR($S17="A",$S17="B"),$T17,NA()) | AA17: =$T17 | AB17: =IFERROR($G17+(41-ROW())/1000000000,0)
A18: =IF($I18<=$B$9,"A",IF($I18<=$B$10,"B","C")) | B18: SKU07 | C18: 19 | D18: Memoria RAM 16GB | E18: 45 | F18: 380 | G18: =IFERROR(E18*F18,0) | H18: =IFERROR(G18/SUM($G$12:$G$41),0) | I18: =IFERROR((SUMPRODUCT(($G$12:$G$41>$G18)*$G$12:$G$41)+SUMPRODUCT(($G$12:$G$41=$G18)*(ROW($G$12:$G$41)<=ROW($G18))*$G$12:$G$41))/SUM($G$12:$G$41),0) | P18: 7 | Q18: =IFERROR(INDEX($B$12:$B$41,MATCH(LARGE($AB$12:$AB$41,$P18),$AB$12:$AB$41,0)),"") | R18: =IFERROR(INDEX($G$12:$G$41,MATCH(LARGE($AB$12:$AB$41,$P18),$AB$12:$AB$41,0)),0) | S18: =IF($T18<=$B$9,"A",IF($T18<=$B$10,"B","C")) | T18: =IFERROR($T17+$R18/SUM($G$12:$G$41),0) | U18: =IFERROR($R18/SUM($G$12:$G$41),0) | V18: =IF($S18="A",$U18,NA()) | W18: =IF($S18="B",$U18,NA()) | X18: =IF($S18="C",$U18,NA()) | Y18: =IF($S18="A",$T18,NA()) | Z18: =IF(OR($S18="A",$S18="B"),$T18,NA()) | AA18: =$T18 | AB18: =IFERROR($G18+(41-ROW())/1000000000,0)
A19: =IF($I19<=$B$9,"A",IF($I19<=$B$10,"B","C")) | B19: SKU08 | C19: 12 | D19: Toner Impressora Laser | E19: 40 | F19: 320 | G19: =IFERROR(E19*F19,0) | H19: =IFERROR(G19/SUM($G$12:$G$41),0) | I19: =IFERROR((SUMPRODUCT(($G$12:$G$41>$G19)*$G$12:$G$41)+SUMPRODUCT(($G$12:$G$41=$G19)*(ROW($G$12:$G$41)<=ROW($G19))*$G$12:$G$41))/SUM($G$12:$G$41),0) | P19: 8 | Q19: =IFERROR(INDEX($B$12:$B$41,MATCH(LARGE($AB$12:$AB$41,$P19),$AB$12:$AB$41,0)),"") | R19: =IFERROR(INDEX($G$12:$G$41,MATCH(LARGE($AB$12:$AB$41,$P19),$AB$12:$AB$41,0)),0) | S19: =IF($T19<=$B$9,"A",IF($T19<=$B$10,"B","C")) | T19: =IFERROR($T18+$R19/SUM($G$12:$G$41),0) | U19: =IFERROR($R19/SUM($G$12:$G$41),0) | V19: =IF($S19="A",$U19,NA()) | W19: =IF($S19="B",$U19,NA()) | X19: =IF($S19="C",$U19,NA()) | Y19: =IF($S19="A",$T19,NA()) | Z19: =IF(OR($S19="A",$S19="B"),$T19,NA()) | AA19: =$T19 | AB19: =IFERROR($G19+(41-ROW())/1000000000,0)
A20: =IF($I20<=$B$9,"A",IF($I20<=$B$10,"B","C")) | B20: SKU09 | C20: 4 | D20: Monitor LED 24" | E20: 15 | F20: 850 | G20: =IFERROR(E20*F20,0) | H20: =IFERROR(G20/SUM($G$12:$G$41),0) | I20: =IFERROR((SUMPRODUCT(($G$12:$G$41>$G20)*$G$12:$G$41)+SUMPRODUCT(($G$12:$G$41=$G20)*(ROW($G$12:$G$41)<=ROW($G20))*$G$12:$G$41))/SUM($G$12:$G$41),0) | P20: 9 | Q20: =IFERROR(INDEX($B$12:$B$41,MATCH(LARGE($AB$12:$AB$41,$P20),$AB$12:$AB$41,0)),"") | R20: =IFERROR(INDEX($G$12:$G$41,MATCH(LARGE($AB$12:$AB$41,$P20),$AB$12:$AB$41,0)),0) | S20: =IF($T20<=$B$9,"A",IF($T20<=$B$10,"B","C")) | T20: =IFERROR($T19+$R20/SUM($G$12:$G$41),0) | U20: =IFERROR($R20/SUM($G$12:$G$41),0) | V20: =IF($S20="A",$U20,NA()) | W20: =IF($S20="B",$U20,NA()) | X20: =IF($S20="C",$U20,NA()) | Y20: =IF($S20="A",$T20,NA()) | Z20: =IF(OR($S20="A",$S20="B"),$T20,NA()) | AA20: =$T20 | AB20: =IFERROR($G20+(41-ROW())/1000000000,0)
A21: =IF($I21<=$B$9,"A",IF($I21<=$B$10,"B","C")) | B21: SKU10 | C21: 11 | D21: Roteador Wi-Fi 6 | E21: 25 | F21: 450 | G21: =IFERROR(E21*F21,0) | H21: =IFERROR(G21/SUM($G$12:$G$41),0) | I21: =IFERROR((SUMPRODUCT(($G$12:$G$41>$G21)*$G$12:$G$41)+SUMPRODUCT(($G$12:$G$41=$G21)*(ROW($G$12:$G$41)<=ROW($G21))*$G$12:$G$41))/SUM($G$12:$G$41),0) | P21: 10 | Q21: =IFERROR(INDEX($B$12:$B$41,MATCH(LARGE($AB$12:$AB$41,$P21),$AB$12:$AB$41,0)),"") | R21: =IFERROR(INDEX($G$12:$G$41,MATCH(LARGE($AB$12:$AB$41,$P21),$AB$12:$AB$41,0)),0) | S21: =IF($T21<=$B$9,"A",IF($T21<=$B$10,"B","C")) | T21: =IFERROR($T20+$R21/SUM($G$12:$G$41),0) | U21: =IFERROR($R21/SUM($G$12:$G$41),0) | V21: =IF($S21="A",$U21,NA()) | W21: =IF($S21="B",$U21,NA()) | X21: =IF($S21="C",$U21,NA()) | Y21: =IF($S21="A",$T21,NA()) | Z21: =IF(OR($S21="A",$S21="B"),$T21,NA()) | AA21: =$T21 | AB21: =IFERROR($G21+(41-ROW())/1000000000,0)
A22: =IF($I22<=$B$9,"A",IF($I22<=$B$10,"B","C")) | B22: SKU11 | C22: 15 | D22: SSD 480GB Sata | E22: 55 | F22: 190 | G22: =IFERROR(E22*F22,0) | H22: =IFERROR(G22/SUM($G$12:$G$41),0) | I22: =IFERROR((SUMPRODUCT(($G$12:$G$41>$G22)*$G$12:$G$41)+SUMPRODUCT(($G$12:$G$41=$G22)*(ROW($G$12:$G$41)<=ROW($G22))*$G$12:$G$41))/SUM($G$12:$G$41),0) | P22: 11 | Q22: =IFERROR(INDEX($B$12:$B$41,MATCH(LARGE($AB$12:$AB$41,$P22),$AB$12:$AB$41,0)),"") | R22: =IFERROR(INDEX($G$12:$G$41,MATCH(LARGE($AB$12:$AB$41,$P22),$AB$12:$AB$41,0)),0) | S22: =IF($T22<=$B$9,"A",IF($T22<=$B$10,"B","C")) | T22: =IFERROR($T21+$R22/SUM($G$12:$G$41),0) | U22: =IFERROR($R22/SUM($G$12:$G$41),0) | V22: =IF($S22="A",$U22,NA()) | W22: =IF($S22="B",$U22,NA()) | X22: =IF($S22="C",$U22,NA()) | Y22: =IF($S22="A",$T22,NA()) | Z22: =IF(OR($S22="A",$S22="B"),$T22,NA()) | AA22: =$T22 | AB22: =IFERROR($G22+(41-ROW())/1000000000,0)
A23: =IF($I23<=$B$9,"A",IF($I23<=$B$10,"B","C")) | B23: SKU12 | C23: 6 | D23: Nobreak 1500VA | E23: 8 | F23: 1200 | G23: =IFERROR(E23*F23,0) | H23: =IFERROR(G23/SUM($G$12:$G$41),0) | I23: =IFERROR((SUMPRODUCT(($G$12:$G$41>$G23)*$G$12:$G$41)+SUMPRODUCT(($G$12:$G$41=$G23)*(ROW($G$12:$G$41)<=ROW($G23))*$G$12:$G$41))/SUM($G$12:$G$41),0) | P23: 12 | Q23: =IFERROR(INDEX($B$12:$B$41,MATCH(LARGE($AB$12:$AB$41,$P23),$AB$12:$AB$41,0)),"") | R23: =IFERROR(INDEX($G$12:$G$41,MATCH(LARGE($AB$12:$AB$41,$P23),$AB$12:$AB$41,0)),0) | S23: =IF($T23<=$B$9,"A",IF($T23<=$B$10,"B","C")) | T23: =IFERROR($T22+$R23/SUM($G$12:$G$41),0) | U23: =IFERROR($R23/SUM($G$12:$G$41),0) | V23: =IF($S23="A",$U23,NA()) | W23: =IF($S23="B",$U23,NA()) | X23: =IF($S23="C",$U23,NA()) | Y23: =IF($S23="A",$T23,NA()) | Z23: =IF(OR($S23="A",$S23="B"),$T23,NA()) | AA23: =$T23 | AB23: =IFERROR($G23+(41-ROW())/1000000000,0)
A24: =IF($I24<=$B$9,"A",IF($I24<=$B$10,"B","C")) | B24: SKU13 | C24: 20 | D24: HD Externo 2TB | E24: 18 | F24: 420 | G24: =IFERROR(E24*F24,0) | H24: =IFERROR(G24/SUM($G$12:$G$41),0) | I24: =IFERROR((SUMPRODUCT(($G$12:$G$41>$G24)*$G$12:$G$41)+SUMPRODUCT(($G$12:$G$41=$G24)*(ROW($G$12:$G$41)<=ROW($G24))*$G$12:$G$41))/SUM($G$12:$G$41),0) | P24: 13 | Q24: =IFERROR(INDEX($B$12:$B$41,MATCH(LARGE($AB$12:$AB$41,$P24),$AB$12:$AB$41,0)),"") | R24: =IFERROR(INDEX($G$12:$G$41,MATCH(LARGE($AB$12:$AB$41,$P24),$AB$12:$AB$41,0)),0) | S24: =IF($T24<=$B$9,"A",IF($T24<=$B$10,"B","C")) | T24: =IFERROR($T23+$R24/SUM($G$12:$G$41),0) | U24: =IFERROR($R24/SUM($G$12:$G$41),0) | V24: =IF($S24="A",$U24,NA()) | W24: =IF($S24="B",$U24,NA()) | X24: =IF($S24="C",$U24,NA()) | Y24: =IF($S24="A",$T24,NA()) | Z24: =IF(OR($S24="A",$S24="B"),$T24,NA()) | AA24: =$T24 | AB24: =IFERROR($G24+(41-ROW())/1000000000,0)
... A41: =IF($I41<=$B$9,"A",IF($I41<=$B$10,"B","C")) | B41: SKU30 | C41: 30 | D41: Conector RJ45 (Cento) | E41: 50 | F41: 30 | G41: =IFERROR(E41*F41,0) | H41: =IFERROR(G41/SUM($G$12:$G$41),0) | I41: =IFERROR((SUMPRODUCT(($G$12:$G$41>$G41)*$G$12:$G$41)+SUMPRODUCT(($G$12:$G$41=$G41)*(ROW($G$12:$G$41)<=ROW($G41))*$G$12:$G$41))/SUM($G$12:$G$41),0) | P41: 30 | Q41: =IFERROR(INDEX($B$12:$B$41,MATCH(LARGE($AB$12:$AB$41,$P41),$AB$12:$AB$41,0)),"") | R41: =IFERROR(INDEX($G$12:$G$41,MATCH(LARGE($AB$12:$AB$41,$P41),$AB$12:$AB$41,0)),0) | S41: =IF($T41<=$B$9,"A",IF($T41<=$B$10,"B","C")) | T41: =IFERROR($T40+$R41/SUM($G$12:$G$41),0) | U41: =IFERROR($R41/SUM($G$12:$G$41),0) | V41: =IF($S41="A",$U41,NA()) | W41: =IF($S41="B",$U41,NA()) | X41: =IF($S41="C",$U41,NA()) | Y41: =IF($S41="A",$T41,NA()) | Z41: =IF(OR($S41="A",$S41="B"),$T41,NA()) | AA41: =$T41 | AB41: =IFERROR($G41+(41-ROW())/1000000000,0)
A42: TOTAL GERAL | E42: =SUM(E12:E41) | G42: =SUM(G12:G41) | H42: 1 | I42: 1

Sheet 📅 CALENDARIO
A2: CALENDARIO 2026 — One Love, One Excel! | Curva ABC Reggae
A4: Classe A = revisar diariamente | Classe B = revisar semanalmente | Classe C = revisar mensalmente | Dias marcados = sugestao de inventario rotativo
A6: JANEIRO 2026 | I6: FEVEREIRO 2026 | Q6: MARCO 2026 | Y6: ABRIL 2026
A7: Seg | B7: Ter | C7: Qua | D7: Qui | E7: Sex | F7: Sab | G7: Dom | I7: Seg | J7: Ter | K7: Qua | L7: Qui | M7: Sex | N7: Sab | O7: Dom | Q7: Seg | R7: Ter | S7: Qua | T7: Qui | U7: Sex | V7: Sab | W7: Dom | Y7: Seg | Z7: Ter | AA7: Qua | AB7: Qui | AC7: Sex | AD7: Sab | AE7: Dom
D8: 1 | E8: 2 | F8: 3 | G8: 4 | O8: 1 | W8: 1 | AA8: 1 | AB8: 2 | AC8: 3 | AD8: 4 | AE8: 5
A9: 5 | B9: 6 | C9: 7 | D9: 8 | E9: 9 | F9: 10 | G9: 11 | I9: 2 | J9: 3 | K9: 4 | L9: 5 | M9: 6 | N9: 7 | O9: 8 | Q9: 2 | R9: 3 | S9: 4 | T9: 5 | U9: 6 | V9: 7 | W9: 8 | Y9: 6 | Z9: 7 | AA9: 8 | AB9: 9 | AC9: 10 | AD9: 11 | AE9: 12
A10: 12 | B10: 13 | C10: 14 | D10: 15 | E10: 16 | F10: 17 | G10: 18 | I10: 9 | J10: 10 | K10: 11 | L10: 12 | M10: 13 | N10: 14 | O10: 15 | Q10: 9 | R10: 10 | S10: 11 | T10: 12 | U10: 13 | V10: 14 | W10: 15 | Y10: 13 | Z10: 14 | AA10: 15 | AB10: 16 | AC10: 17 | AD10: 18 | AE10: 19
A11: 19 | B11: 20 | C11: 21 | D11: 22 | E11: 23 | F11: 24 | G11: 25 | I11: 16 | J11: 17 | K11: 18 | L11: 19 | M11: 20 | N11: 21 | O11: 22 | Q11: 16 | R11: 17 | S11: 18 | T11: 19 | U11: 20 | V11: 21 | W11: 22 | Y11: 20 | Z11: 21 | AA11: 22 | AB11: 23 | AC11: 24 | AD11: 25 | AE11: 26
A12: 26 | B12: 27 | C12: 28 | D12: 29 | E12: 30 | F12: 31 | I12: 23 | J12: 24 | K12: 25 | L12: 26 | M12: 27 | N12: 28 | Q12: 23 | R12: 24 | S12: 25 | T12: 26 | U12: 27 | V12: 28 | W12: 29 | Y12: 27 | Z12: 28 | AA12: 29 | AB12: 30
Q13: 30 | R13: 31
A17: MAIO 2026 | I17: JUNHO 2026 | Q17: JULHO 2026 | Y17: AGOSTO 2026
A18: Seg | B18: Ter | C18: Qua | D18: Qui | E18: Sex | F18: Sab | G18: Dom | I18: Seg | J18: Ter | K18: Qua | L18: Qui | M18: Sex | N18: Sab | O18: Dom | Q18: Seg | R18: Ter | S18: Qua | T18: Qui | U18: Sex | V18: Sab | W18: Dom | Y18: Seg | Z18: Ter | AA18: Qua | AB18: Qui | AC18: Sex | AD18: Sab | AE18: Dom
E19: 1 | F19: 2 | G19: 3 | I19: 1 | J19: 2 | K19: 3 | L19: 4 | M19: 5 | N19: 6 | O19: 7 | S19: 1 | T19: 2 | U19: 3 | V19: 4 | W19: 5 | AD19: 1 | AE19: 2
A20: 4 | B20: 5 | C20: 6 | D20: 7 | E20: 8 | F20: 9 | G20: 10 | I20: 8 | J20: 9 | K20: 10 | L20: 11 | M20: 12 | N20: 13 | O20: 14 | Q20: 6 | R20: 7 | S20: 8 | T20: 9 | U20: 10 | V20: 11 | W20: 12 | Y20: 3 | Z20: 4 | AA20: 5 | AB20: 6 | AC20: 7 | AD20: 8 | AE20: 9
A21: 11 | B21: 12 | C21: 13 | D21: 14 | E21: 15 | F21: 16 | G21: 17 | I21: 15 | J21: 16 | K21: 17 | L21: 18 | M21: 19 | N21: 20 | O21: 21 | Q21: 13 | R21: 14 | S21: 15 | T21: 16 | U21: 17 | V21: 18 | W21: 19 | Y21: 10 | Z21: 11 | AA21: 12 | AB21: 13 | AC21: 14 | AD21: 15 | AE21: 16
A22: 18 | B22: 19 | C22: 20 | D22: 21 | E22: 22 | F22: 23 | G22: 24 | I22: 22 | J22: 23 | K22: 24 | L22: 25 | M22: 26 | N22: 27 | O22: 28 | Q22: 20 | R22: 21 | S22: 22 | T22: 23 | U22: 24 | V22: 25 | W22: 26 | Y22: 17 | Z22: 18 | AA22: 19 | AB22: 20 | AC22: 21 | AD22: 22 | AE22: 23
A23: 25 | B23: 26 | C23: 27 | D23: 28 | E23: 29 | F23: 30 | G23: 31 | I23: 29 | J23: 30 | Q23: 27 | R23: 28 | S23: 29 | T23: 30 | U23: 31 | Y23: 24 | Z23: 25 | AA23: 26 | AB23: 27 | AC23: 28 | AD23: 29 | AE23: 30
Y24: 31
A28: SETEMBRO 2026 | I28: OUTUBRO 2026 | Q28: NOVEMBRO 2026 | Y28: DEZEMBRO 2026
A29: Seg | B29: Ter | C29: Qua | D29: Qui | E29: Sex | F29: Sab | G29: Dom | I29: Seg | J29: Ter | K29: Qua | L29: Qui | M29: Sex | N29: Sab | O29: Dom | Q29: Seg | R29: Ter | S29: Qua | T29: Qui | U29: Sex | V29: Sab | W29: Dom | Y29: Seg | Z29: Ter | AA29: Qua | AB29: Qui | AC29: Sex | AD29: Sab | AE29: Dom
B30: 1 | C30: 2 | D30: 3 | E30: 4 | F30: 5 | G30: 6 | L30: 1 | M30: 2 | N30: 3 | O30: 4 | W30: 1 | Z30: 1 | AA30: 2 | AB30: 3 | AC30: 4 | AD30: 5 | AE30: 6
A31: 7 | B31: 8 | C31: 9 | D31: 10 | E31: 11 | F31: 12 | G31: 13 | I31: 5 | J31: 6 | K31: 7 | L31: 8 | M31: 9 | N31: 10 | O31: 11 | Q31: 2 | R31: 3 | S31: 4 | T31: 5 | U31: 6 | V31: 7 | W31: 8 | Y31: 7 | Z31: 8 | AA31: 9 | AB31: 10 | AC31: 11 | AD31: 12 | AE31: 13
A32: 14 | B32: 15 | C32: 16 | D32: 17 | E32: 18 | F32: 19 | G32: 20 | I32: 12 | J32: 13 | K32: 14 | L32: 15 | M32: 16 | N32: 17 | O32: 18 | Q32: 9 | R32: 10 | S32: 11 | T32: 12 | U32: 13 | V32: 14 | W32: 15 | Y32: 14 | Z32: 15 | AA32: 16 | AB32: 17 | AC32: 18 | AD32: 19 | AE32: 20
A33: 21 | B33: 22 | C33: 23 | D33: 24 | E33: 25 | F33: 26 | G33: 27 | I33: 19 | J33: 20 | K33: 21 | L33: 22 | M33: 23 | N33: 24 | O33: 25 | Q33: 16 | R33: 17 | S33: 18 | T33: 19 | U33: 20 | V33: 21 | W33: 22 | Y33: 21 | Z33: 22 | AA33: 23 | AB33: 24 | AC33: 25 | AD33: 26 | AE33: 27
A34: 28 | B34: 29 | C34: 30 | I34: 26 | J34: 27 | K34: 28 | L34: 29 | M34: 30 | N34: 31 | Q34: 23 | R34: 24 | S34: 25 | T34: 26 | U34: 27 | V34: 28 | W34: 29 | Y34: 28 | Z34: 29 | AA34: 30 | AB34: 31
Q35: 30
A39: Dias marcados (1, 8, 15, 22) = sugestao de revisao/inventario | Fim de semana em vermelho | Jah bless your schedule — One Love, One Excel! 2026
